tg_id;service_name;service_price;service_amount;service_type;payment_type;reciept_id;done;id;createdAt;updatedAt
19422781;Модификация компьютерного программного обеспечения;3000;1;Приход;Наличная оплата;1;TRUE;1;2026-01-06T05:34:59.031Z;2026-01-06T05:45:07.988Z
19422781;Модификация компьютерного программного обеспечения;14000;1;Приход;Безналичная оплата;2;TRUE;2;2026-01-12T13:35:07.910Z;2026-01-12T13:35:16.216Z
19422781;Модификация компьютерного программного обеспечения;3000;1;Приход;Безналичная оплата;3;TRUE;3;2026-01-12T14:34:57.763Z;2026-01-12T14:35:08.353Z
19422781;Модификация компьютерного программного обеспечения;24500;1;Приход;Безналичная оплата;4;TRUE;4;2026-01-12T15:44:52.122Z;2026-01-12T15:45:00.117Z
19422781;Модификация компьютерного программного обеспечения;19000;1;Приход;Безналичная оплата;5;TRUE;5;2026-01-12T20:28:48.937Z;2026-01-12T20:28:53.457Z
19422781;Модификация компьютерного программного обеспечения;3000;1;Приход;Безналичная оплата;6;TRUE;6;2026-01-16T17:02:57.425Z;2026-01-16T17:03:06.914Z
19422781;Модификация компьютерного программного обеспечения;3000;1;Приход;Безналичная оплата;7;TRUE;7;2026-01-23T14:22:13.397Z;2026-01-23T14:22:22.088Z
19422781;Модификация компьютерного программного обеспечения;3000;1;Приход;Безналичная оплата;8;TRUE;8;2026-01-26T14:34:25.338Z;2026-01-26T14:34:33.554Z
19422781;Модификация компьютерного программного обеспечения;3000;1;Приход;Безналичная оплата;9;TRUE;9;2026-01-30T14:58:00.747Z;2026-01-30T14:58:19.317Z
19422781;Модификация компьютерного программного обеспечения;10500;1;Приход;Безналичная оплата;10;TRUE;10;2026-01-31T09:07:08.403Z;2026-01-31T09:07:15.264Z
19422781;Модификация компьютерного программного обеспечения;14000;1;Приход;Безналичная оплата;11;TRUE;11;2026-02-05T10:01:07.551Z;2026-02-05T10:01:18.538Z
19422781;Модификация компьютерного программного обеспечения;3000;1;Приход;Безналичная оплата;12;TRUE;12;2026-02-06T14:47:27.676Z;2026-02-06T14:47:33.487Z
19422781;Разработка программного обеспечения;75900;1;Приход;Безналичная оплата;13;TRUE;13;2026-02-07T05:29:13.221Z;2026-02-07T05:29:36.933Z
19422781;Модификация компьютерного программного обеспечения;3000;1;Приход;Безналичная оплата;14;TRUE;14;2026-02-09T16:36:42.248Z;2026-02-09T16:36:49.457Z
19422781;Модификация компьютерного программного обеспечения;3000;1;Приход;Безналичная оплата;15;TRUE;15;2026-02-13T15:03:14.875Z;2026-02-13T15:03:23.149Z
19422781;Модификация компьютерного программного обеспечения;3000;1;Приход;Безналичная оплата;16;TRUE;16;2026-02-17T04:45:26.624Z;2026-02-17T04:45:39.733Z
19422781;Разработка программного обеспечения;10000;1;Приход;Безналичная оплата;17;TRUE;17;2026-02-17T14:57:20.684Z;2026-02-17T14:57:35.352Z
19422781;Модификация компьютерного программного обеспечения;14000;1;Приход;Безналичная оплата;18;TRUE;18;2026-02-18T12:43:48.019Z;2026-02-18T12:44:02.606Z
19422781;Модификация компьютерного программного обеспечения;3000;1;Приход;Безналичная оплата;19;TRUE;19;2026-02-20T15:22:27.065Z;2026-02-20T15:22:34.020Z
19422781;Модификация компьютерного программного обеспечения;3000;1;Приход;Безналичная оплата;20;TRUE;20;2026-02-26T10:10:51.774Z;2026-02-26T10:10:58.869Z
19422781;Модификация компьютерного программного обеспечения;3500;1;Приход;Безналичная оплата;21;TRUE;21;2026-02-26T13:02:50.321Z;2026-02-26T13:02:57.351Z
19422781;Разработка программного обеспечения;62345;1;Приход;Безналичная оплата;22;TRUE;22;2026-02-27T09:19:39.828Z;2026-02-27T09:20:05.162Z
19422781;Модификация компьютерного программного обеспечения;14000;1;Приход;Безналичная оплата;23;TRUE;23;2026-02-28T10:58:51.660Z;2026-02-28T10:58:58.600Z
19422781;Модификация компьютерного программного обеспечения;14000;1;Приход;Безналичная оплата;24;TRUE;24;2026-03-04T17:09:28.711Z;2026-03-04T17:09:34.745Z
19422781;Модификация компьютерного программного обеспечения;3500;1;Приход;Безналичная оплата;25;TRUE;25;2026-03-05T17:30:38.226Z;2026-03-05T17:30:44.944Z
19422781;Модификация компьютерного программного обеспечения;3000;1;Приход;Безналичная оплата;26;TRUE;26;2026-03-06T14:34:01.795Z;2026-03-06T14:34:12.134Z
19422781;Модификация компьютерного программного обеспечения;15000;1;Приход;Безналичная оплата;27;TRUE;27;2026-03-09T16:08:37.163Z;2026-03-09T16:08:44.742Z
19422781;Модификация компьютерного программного обеспечения;3500;1;Приход;Безналичная оплата;28;TRUE;28;2026-03-10T17:15:08.188Z;2026-03-10T17:15:14.287Z
19422781;Модификация компьютерного программного обеспечения;3000;1;Приход;Безналичная оплата;29;TRUE;29;2026-03-13T13:51:31.557Z;2026-03-13T13:51:37.680Z
19422781;Модификация компьютерного программного обеспечения;3000;1;Приход;Безналичная оплата;30;TRUE;30;2026-03-13T14:21:28.645Z;2026-03-13T14:21:34.001Z
19422781;Разработка программного обеспечения;20000;1;Приход;Безналичная оплата;31;TRUE;31;2026-03-16T08:54:44.913Z;2026-03-16T08:54:59.486Z
19422781;Модификация компьютерного программного обеспечения;3000;1;Приход;Безналичная оплата;32;TRUE;32;2026-03-16T15:52:42.432Z;2026-03-16T15:52:53.078Z
19422781;Модификация компьютерного программного обеспечения;14000;1;Приход;Безналичная оплата;33;TRUE;33;2026-03-18T11:47:29.265Z;2026-03-18T11:47:34.412Z
19422781;Модификация компьютерного программного обеспечения;3500;1;Приход;Безналичная оплата;34;TRUE;34;2026-03-19T15:42:00.453Z;2026-03-19T15:42:07.123Z
19422781;Модификация компьютерного программного обеспечения;3000;1;Приход;Безналичная оплата;35;TRUE;35;2026-03-23T04:32:46.670Z;2026-03-23T04:32:54.961Z
19422781;Модификация компьютерного программного обеспечения;3500;1;Приход;Безналичная оплата;36;TRUE;36;2026-03-24T15:05:37.457Z;2026-03-24T15:05:43.311Z
19422781;Модификация компьютерного программного обеспечения;3500;1;Приход;Безналичная оплата;37;TRUE;37;2026-03-26T15:44:11.623Z;2026-03-26T15:44:33.589Z
19422781;Модификация компьютерного программного обеспечения;10500;1;Приход;Безналичная оплата;38;TRUE;38;2026-03-31T11:24:30.276Z;2026-03-31T11:24:50.989Z
19422781;Модификация компьютерного программного обеспечения;3000;1;Приход;Безналичная оплата;39;TRUE;39;2026-03-31T15:28:22.219Z;2026-03-31T15:28:27.913Z
19422781;Модификация компьютерного программного обеспечения;14000;1;Приход;Безналичная оплата;40;TRUE;40;2026-04-01T11:51:35.610Z;2026-04-01T11:51:41.710Z
19422781;Модификация компьютерного программного обеспечения;3500;1;Приход;Безналичная оплата;41;TRUE;41;2026-04-02T13:58:35.375Z;2026-04-02T13:58:39.796Z
19422781;Модификация компьютерного программного обеспечения;3500;1;Приход;Безналичная оплата;42;TRUE;42;2026-04-03T10:15:34.392Z;2026-04-03T10:15:38.847Z
19422781;Модификация компьютерного программного обеспечения;3000;1;Приход;Безналичная оплата;43;TRUE;43;2026-04-03T14:21:40.861Z;2026-04-03T14:21:46.113Z
19422781;Разработка программного обеспечения;10000;1;Приход;Безналичная оплата;44;TRUE;44;2026-04-04T06:01:17.953Z;2026-04-04T06:01:28.956Z
19422781;Модификация компьютерного программного обеспечения;5000;1;Приход;Безналичная оплата;45;TRUE;45;2026-04-05T08:17:00.722Z;2026-04-05T08:17:10.908Z
19422781;Разработка программного обеспечения;10000;1;Приход;Безналичная оплата;46;TRUE;46;2026-04-08T04:59:04.378Z;2026-04-08T04:59:14.792Z
19422781;Разработка программного обеспечения;20000;1;Приход;Безналичная оплата;47;TRUE;47;2026-04-08T16:09:35.770Z;2026-04-08T16:09:47.481Z
19422781;Модификация компьютерного программного обеспечения;3000;1;Приход;Безналичная оплата;48;TRUE;48;2026-04-09T14:32:33.533Z;2026-04-09T14:32:40.806Z
19422781;Модификация компьютерного программного обеспечения;3500;1;Приход;Безналичная оплата;49;TRUE;49;2026-04-09T18:17:40.033Z;2026-04-09T18:17:46.137Z
19422781;Разработка программного обеспечения;20000;1;Приход;Безналичная оплата;50;TRUE;50;2026-04-11T18:17:40.033Z;2026-04-11T18:17:46.137Z
19422781;Модификация компьютерного программного обеспечения;3000;1;Приход;Безналичная оплата;51;TRUE;51;2026-04-11T18:19:40.033Z;2026-04-11T18:19:46.137Z
19422781;Модификация компьютерного программного обеспечения;3000;1;Приход;Безналичная оплата;52;TRUE;52;2026-04-13T18:19:40.033Z;2026-04-13T18:19:46.137Z
19422781;Модификация компьютерного программного обеспечения;3500;1;Приход;Безналичная оплата;53;TRUE;53;2026-04-17T18:19:40.033Z;2026-04-17T18:19:46.137Z
19422781;Модификация компьютерного программного обеспечения;3000;1;Приход;Безналичная оплата;54;TRUE;54;2026-04-17T18:19:40.033Z;2026-04-17T18:19:46.137Z
19422781;Разработка программного обеспечения;30000;1;Приход;Безналичная оплата;55;TRUE;55;2026-04-17T18:19:40.033Z;2026-04-17T18:19:46.137Z
19422781;Модификация компьютерного программного обеспечения;14000;1;Приход;Безналичная оплата;56;TRUE;56;2026-04-20T18:19:40.033Z;2026-04-20T18:20:46.137Z
19422781;Модификация компьютерного программного обеспечения;3000;1;Приход;Безналичная оплата;57;TRUE;57;2026-04-20T18:19:40.033Z;2026-04-20T18:20:46.137Z
19422781;Модификация компьютерного программного обеспечения;3500;1;Приход;Безналичная оплата;58;TRUE;58;2026-04-23T18:19:40.033Z;2026-04-23T18:23:46.137Z
19422781;Модификация компьютерного программного обеспечения;3000;1;Приход;Безналичная оплата;59;TRUE;59;2026-04-24T18:19:40.033Z;2026-04-14T18:23:46.137Z
